{
	"textures": [
		{
			"image": "tilemap-characters-packed.png",
			"format": "RGBA8888",
			"size": {
				"w": 122,
				"h": 119
			},
			"scale": 1,
			"frames": [
				{
					"filename": "tile_0020.png",
					"rotated": false,
					"trimmed": true,
					"sourceSize": {
						"w": 24,
						"h": 24
					},
					"spriteSourceSize": {
						"x": 4,
						"y": 11,
						"w": 17,
						"h": 13
					},
					"frame": {
						"x": 1,
						"y": 1,
						"w": 17,
						"h": 13
					}
				},
				{
					"filename": "tile_0018.png",
					"rotated": false,
					"trimmed": true,
					"sourceSize": {
						"w": 24,
						"h": 24
					},
					"spriteSourceSize": {
						"x": 4,
						"y": 10,
						"w": 17,
						"h": 14
					},
					"frame": {
						"x": 20,
						"y": 1,
						"w": 17,
						"h": 14
					}
				},
				{
					"filename": "tile_0025.png",
					"rotated": false,
					"trimmed": true,
					"sourceSize": {
						"w": 24,
						"h": 24
					},
					"spriteSourceSize": {
						"x": 0,
						"y": 7,
						"w": 24,
						"h": 14
					},
					"frame": {
						"x": 39,
						"y": 1,
						"w": 24,
						"h": 14
					}
				},
				{
					"filename": "tile_0019.png",
					"rotated": false,
					"trimmed": true,
					"sourceSize": {
						"w": 24,
						"h": 24
					},
					"spriteSourceSize": {
						"x": 4,
						"y": 9,
						"w": 17,
						"h": 15
					},
					"frame": {
						"x": 65,
						"y": 1,
						"w": 17,
						"h": 15
					}
				},
				{
					"filename": "tile_0026.png",
					"rotated": false,
					"trimmed": true,
					"sourceSize": {
						"w": 24,
						"h": 24
					},
					"spriteSourceSize": {
						"x": 2,
						"y": 6,
						"w": 20,
						"h": 15
					},
					"frame": {
						"x": 84,
						"y": 1,
						"w": 20,
						"h": 15
					}
				},
				{
					"filename": "tile_0013.png",
					"rotated": false,
					"trimmed": true,
					"sourceSize": {
						"w": 24,
						"h": 24
					},
					"spriteSourceSize": {
						"x": 5,
						"y": 4,
						"w": 13,
						"h": 17
					},
					"frame": {
						"x": 106,
						"y": 1,
						"w": 13,
						"h": 17
					}
				},
				{
					"filename": "tile_0014.png",
					"rotated": false,
					"trimmed": true,
					"sourceSize": {
						"w": 24,
						"h": 24
					},
					"spriteSourceSize": {
						"x": 5,
						"y": 4,
						"w": 13,
						"h": 17
					},
					"frame": {
						"x": 1,
						"y": 20,
						"w": 13,
						"h": 17
					}
				},
				{
					"filename": "tile_0017.png",
					"rotated": false,
					"trimmed": true,
					"sourceSize": {
						"w": 24,
						"h": 24
					},
					"spriteSourceSize": {
						"x": 4,
						"y": 6,
						"w": 17,
						"h": 18
					},
					"frame": {
						"x": 16,
						"y": 20,
						"w": 17,
						"h": 18
					}
				},
				{
					"filename": "tile_0015.png",
					"rotated": false,
					"trimmed": true,
					"sourceSize": {
						"w": 24,
						"h": 24
					},
					"spriteSourceSize": {
						"x": 3,
						"y": 5,
						"w": 17,
						"h": 19
					},
					"frame": {
						"x": 35,
						"y": 20,
						"w": 17,
						"h": 19
					}
				},
				{
					"filename": "tile_0024.png",
					"rotated": false,
					"trimmed": true,
					"sourceSize": {
						"w": 24,
						"h": 24
					},
					"spriteSourceSize": {
						"x": 2,
						"y": 3,
						"w": 20,
						"h": 19
					},
					"frame": {
						"x": 54,
						"y": 20,
						"w": 20,
						"h": 19
					}
				},
				{
					"filename": "tile_0011.png",
					"rotated": false,
					"trimmed": true,
					"sourceSize": {
						"w": 24,
						"h": 24
					},
					"spriteSourceSize": {
						"x": 2,
						"y": 2,
						"w": 20,
						"h": 20
					},
					"frame": {
						"x": 76,
						"y": 20,
						"w": 20,
						"h": 20
					}
				},
				{
					"filename": "tile_0012.png",
					"rotated": false,
					"trimmed": true,
					"sourceSize": {
						"w": 24,
						"h": 24
					},
					"spriteSourceSize": {
						"x": 2,
						"y": 2,
						"w": 20,
						"h": 20
					},
					"frame": {
						"x": 98,
						"y": 20,
						"w": 20,
						"h": 20
					}
				},
				{
					"filename": "tile_0016.png",
					"rotated": false,
					"trimmed": true,
					"sourceSize": {
						"w": 24,
						"h": 24
					},
					"spriteSourceSize": {
						"x": 3,
						"y": 4,
						"w": 17,
						"h": 20
					},
					"frame": {
						"x": 1,
						"y": 42,
						"w": 17,
						"h": 20
					}
				},
				{
					"filename": "tile_0023.png",
					"rotated": false,
					"trimmed": true,
					"sourceSize": {
						"w": 24,
						"h": 24
					},
					"spriteSourceSize": {
						"x": 0,
						"y": 3,
						"w": 24,
						"h": 21
					},
					"frame": {
						"x": 20,
						"y": 42,
						"w": 24,
						"h": 21
					}
				},
				{
					"filename": "tile_0021.png",
					"rotated": false,
					"trimmed": true,
					"sourceSize": {
						"w": 24,
						"h": 24
					},
					"spriteSourceSize": {
						"x": 0,
						"y": 2,
						"w": 24,
						"h": 22
					},
					"frame": {
						"x": 46,
						"y": 42,
						"w": 24,
						"h": 22
					}
				},
				{
					"filename": "tile_0022.png",
					"rotated": false,
					"trimmed": true,
					"sourceSize": {
						"w": 24,
						"h": 24
					},
					"spriteSourceSize": {
						"x": 0,
						"y": 1,
						"w": 24,
						"h": 23
					},
					"frame": {
						"x": 72,
						"y": 42,
						"w": 24,
						"h": 23
					}
				},
				{
					"filename": "tile_0000.png",
					"rotated": false,
					"trimmed": true,
					"sourceSize": {
						"w": 24,
						"h": 24
					},
					"spriteSourceSize": {
						"x": 1,
						"y": 0,
						"w": 22,
						"h": 24
					},
					"frame": {
						"x": 98,
						"y": 42,
						"w": 22,
						"h": 24
					}
				},
				{
					"filename": "tile_0001.png",
					"rotated": false,
					"trimmed": true,
					"sourceSize": {
						"w": 24,
						"h": 24
					},
					"spriteSourceSize": {
						"x": 1,
						"y": 0,
						"w": 22,
						"h": 24
					},
					"frame": {
						"x": 1,
						"y": 68,
						"w": 22,
						"h": 24
					}
				},
				{
					"filename": "tile_0002.png",
					"rotated": false,
					"trimmed": true,
					"sourceSize": {
						"w": 24,
						"h": 24
					},
					"spriteSourceSize": {
						"x": 1,
						"y": 0,
						"w": 22,
						"h": 24
					},
					"frame": {
						"x": 25,
						"y": 68,
						"w": 22,
						"h": 24
					}
				},
				{
					"filename": "tile_0003.png",
					"rotated": false,
					"trimmed": true,
					"sourceSize": {
						"w": 24,
						"h": 24
					},
					"spriteSourceSize": {
						"x": 1,
						"y": 0,
						"w": 22,
						"h": 24
					},
					"frame": {
						"x": 49,
						"y": 68,
						"w": 22,
						"h": 24
					}
				},
				{
					"filename": "tile_0004.png",
					"rotated": false,
					"trimmed": true,
					"sourceSize": {
						"w": 24,
						"h": 24
					},
					"spriteSourceSize": {
						"x": 1,
						"y": 0,
						"w": 22,
						"h": 24
					},
					"frame": {
						"x": 73,
						"y": 68,
						"w": 22,
						"h": 24
					}
				},
				{
					"filename": "tile_0005.png",
					"rotated": false,
					"trimmed": true,
					"sourceSize": {
						"w": 24,
						"h": 24
					},
					"spriteSourceSize": {
						"x": 1,
						"y": 0,
						"w": 22,
						"h": 24
					},
					"frame": {
						"x": 97,
						"y": 68,
						"w": 22,
						"h": 24
					}
				},
				{
					"filename": "tile_0006.png",
					"rotated": false,
					"trimmed": true,
					"sourceSize": {
						"w": 24,
						"h": 24
					},
					"spriteSourceSize": {
						"x": 1,
						"y": 0,
						"w": 22,
						"h": 24
					},
					"frame": {
						"x": 1,
						"y": 94,
						"w": 22,
						"h": 24
					}
				},
				{
					"filename": "tile_0007.png",
					"rotated": false,
					"trimmed": true,
					"sourceSize": {
						"w": 24,
						"h": 24
					},
					"spriteSourceSize": {
						"x": 1,
						"y": 0,
						"w": 22,
						"h": 24
					},
					"frame": {
						"x": 25,
						"y": 94,
						"w": 22,
						"h": 24
					}
				},
				{
					"filename": "tile_0008.png",
					"rotated": false,
					"trimmed": false,
					"sourceSize": {
						"w": 24,
						"h": 24
					},
					"spriteSourceSize": {
						"x": 0,
						"y": 0,
						"w": 24,
						"h": 24
					},
					"frame": {
						"x": 49,
						"y": 94,
						"w": 24,
						"h": 24
					}
				},
				{
					"filename": "tile_0009.png",
					"rotated": false,
					"trimmed": true,
					"sourceSize": {
						"w": 24,
						"h": 24
					},
					"spriteSourceSize": {
						"x": 1,
						"y": 0,
						"w": 22,
						"h": 24
					},
					"frame": {
						"x": 75,
						"y": 94,
						"w": 22,
						"h": 24
					}
				},
				{
					"filename": "tile_0010.png",
					"rotated": false,
					"trimmed": true,
					"sourceSize": {
						"w": 24,
						"h": 24
					},
					"spriteSourceSize": {
						"x": 1,
						"y": 0,
						"w": 22,
						"h": 24
					},
					"frame": {
						"x": 99,
						"y": 94,
						"w": 22,
						"h": 24
					}
				}
			]
		}
	],
	"meta": {
		"app": "https://www.codeandweb.com/texturepacker",
		"version": "3.0",
		"smartupdate": "$TexturePacker:SmartUpdate:ff5e5c05b55481eedfd466513be185a4:f7d13616b2472bd3cf868c84568199ee:5bfcaca056df1758c283a5bca0c8d3be$"
	}
}
